display_name,stub,dropdown_parent
Home,/,
Browse,/browse.html,
Subjects,/subjects.html,
Locations,/locations.html,
Maps,,
Topic Map,/topic-map.html,Maps,
Publication Map,/publication-map.html,Maps
Timeline,/timeline.html,
Data,/data.html,
Collections,,
"Heritage, Belonging, and Belief",/collections/heritagebelongingbelief.html,Collections
"Music, Dance, and Literature",/collections/musicdanceliterature.html,Collections
"Space, Architecture, and Environment",/collections/spacearchitectureenvironment.html,Collections
"War, Violence, and Displacement",/collections/warviolencedisplacement.html,Collections
About,/about.html,
